CATEGORY,COUNT,PERCENTAGE
Cliente Nuevo,3988,91.97416974169742
Cliente Bronce,303,6.9880073800738005
Cliente Silver,27,0.6226937269372693
Cliente Gold,12,0.27675276752767525
Cliente Black,4,0.09225092250922509
Cliente Platinum,2,0.046125461254612546
